{
  "attack": {
    "Tunisia": 0.09936035860153378,
    "England": 0.2501307202512103,
    "Netherlands": 0.28748160251250343,
    "DR Congo": -0.07488468531519267,
    "Jordan": -0.5220994870385952,
    "Uzbekistan": -0.10334448206547628,
    "Scotland": -0.3790214417892738,
    "Iraq": -0.1679316528294443,
    "United States": -0.14734450178189074,
    "New Zealand": -0.34823465511975116,
    "Qatar": -0.5388853636405414,
    "Cape Verde": -0.3600412252068559,
    "Croatia": -0.06574040213439131,
    "Ecuador": 0.17148660904643867,
    "Uruguay": 0.10240480487558254,
    "Austria": 0.07431608180754151,
    "Germany": 0.40633471095009355,
    "Norway": 0.022745030763184352,
    "Bosnia and Herzegovina": -0.48188831986182457,
    "Curacao": -0.6223287159555003,
    "Turkey": -0.2185004946065597,
    "Egypt": 0.07996567757702268,
    "Algeria": -0.1371308530101759,
    "Australia": -0.06322363809724314,
    "Senegal": 0.1336864274635314,
    "Mexico": 0.22544562127245985,
    "Sweden": 0.10412372642926837,
    "Japan": 0.25006274878699475,
    "Spain": 0.38482489628929806,
    "Saudi Arabia": -0.26522965395739095,
    "Ghana": -0.17858213171196802,
    "Belgium": 0.4052167100703168,
    "Morocco": -0.016506013962767824,
    "Paraguay": -0.4020648780707077,
    "Brazil": 0.32056429828671396,
    "Argentina": 0.4159848049585426,
    "Czechia": -0.0769594984608659,
    "South Africa": -0.25038419771573744,
    "Panama": -0.07211543267125442,
    "Iran": -0.32554896657574256,
    "Canada": -0.385210517534294,
    "France": 0.5658160620018439,
    "South Korea": -0.12220980919041761,
    "Portugal": 0.54118951499405,
    "Haiti": -0.15594121329836222,
    "Colombia": 0.0854905481199879,
    "Ivory Coast": -0.05266718948109882,
    "Switzerland": -0.05090881521436582
  },
  "defence": {
    "Tunisia": -0.025130262114999486,
    "England": 0.1376610292319641,
    "Netherlands": -0.28362992321069136,
    "DR Congo": -0.38831426640310945,
    "Jordan": -0.07564660391578015,
    "Uzbekistan": 0.31347375661494864,
    "Scotland": 0.28130551096232437,
    "Iraq": -0.09193682239339729,
    "United States": -0.009366688266086262,
    "New Zealand": 0.056121557960885825,
    "Qatar": 0.16841153292488034,
    "Cape Verde": 0.16251951532270112,
    "Croatia": 0.043667933704656735,
    "Ecuador": 0.043634148139566176,
    "Uruguay": 0.16831339569340198,
    "Austria": -0.18372749743626843,
    "Germany": -0.3770153706417167,
    "Norway": 0.11173308699081766,
    "Bosnia and Herzegovina": 0.1454071713836586,
    "Curacao": 0.11475022736277574,
    "Turkey": -0.12414043078105497,
    "Egypt": 0.04867798483669265,
    "Algeria": 0.059914859384459056,
    "Australia": 0.0028111315049997323,
    "Senegal": -0.05972430051892285,
    "Mexico": -0.09524546406668685,
    "Sweden": -0.09022429080209042,
    "Japan": 0.09118155329046283,
    "Spain": 0.02835933185650607,
    "Saudi Arabia": -0.11718961667530968,
    "Ghana": 0.11189274951580745,
    "Belgium": -0.048914595031786204,
    "Morocco": 0.21121063599604434,
    "Paraguay": -0.06206304468189107,
    "Brazil": -0.21212395751459115,
    "Argentina": 0.03719364663675885,
    "Czechia": -0.15303020942891032,
    "South Africa": 0.16989557585171156,
    "Panama": -0.18616676805851,
    "Iran": 0.03225278051682251,
    "Canada": 0.05481229066429176,
    "France": -0.02652207125052692,
    "South Korea": -0.15978334441302108,
    "Portugal": -0.2664357977316499,
    "Haiti": -0.10542712159418244,
    "Colombia": 0.07002756142642272,
    "Ivory Coast": -0.017704030148773774,
    "Switzerland": 0.16409058138499025
  },
  "home_adv": -0.08474932477384767,
  "base_goals": 1.211067363342252,
  "elo": {
    "Tunisia": 1531.1226551791333,
    "England": 1528.1174227548115,
    "Netherlands": 1642.7778814307987,
    "DR Congo": 1578.3573952719792,
    "Jordan": 1388.3867792192962,
    "Uzbekistan": 1395.7954403298938,
    "Scotland": 1334.9182618121004,
    "Iraq": 1481.0012923909883,
    "United States": 1465.5055466210488,
    "New Zealand": 1398.9109467298408,
    "Qatar": 1323.1757758586446,
    "Cape Verde": 1369.3598148676108,
    "Croatia": 1472.647916040238,
    "Ecuador": 1531.9631152267182,
    "Uruguay": 1483.5228522955451,
    "Austria": 1564.5108948109525,
    "Germany": 1695.8375203979526,
    "Norway": 1477.7529859430917,
    "Bosnia and Herzegovina": 1343.1761271886292,
    "Curacao": 1315.730264170431,
    "Turkey": 1476.4099840436238,
    "Egypt": 1507.8219231850826,
    "Algeria": 1450.7385719013412,
    "Australia": 1483.4913075994393,
    "Senegal": 1548.3526819956135,
    "Mexico": 1580.1727713347866,
    "Sweden": 1548.5870043078396,
    "Japan": 1539.720298874133,
    "Spain": 1589.116391108198,
    "Saudi Arabia": 1462.9899906794797,
    "Ghana": 1427.381279693056,
    "Belgium": 1613.5328262755258,
    "Morocco": 1443.070837510297,
    "Paraguay": 1414.9995416527959,
    "Brazil": 1633.1720639503262,
    "Argentina": 1594.697789580446,
    "Czechia": 1519.017677742011,
    "South Africa": 1394.9300566081376,
    "Panama": 1528.512833846814,
    "Iran": 1410.5495632268587,
    "Canada": 1389.9942979503535,
    "France": 1648.0845333130928,
    "South Korea": 1509.393383805651,
    "Portugal": 1701.906328181425,
    "Haiti": 1487.371477073955,
    "Colombia": 1503.8657466733912,
    "Ivory Coast": 1491.2592101669188,
    "Switzerland": 1446.250150850161
  }
}